Capabilities,,=-  Peek,<  Darc,
"Here we compare the capabilities of various systems, how they relate to each other and how they fit into one or more systems.",,"Peek tries to stay out of your way, invisible, fusing with your OS.",Darc focuses heavily on AI agents and security.,
,,,,
,,Manage your personal structured data produced by extensions and web pages.,,
,,Sync data entities with other devices.,,
,,Navigate through a timeline of your browsing history.,,
,,Write CSS and JS scripts to modify web pages.,,
,,,,
,,Window manager for the web: Arrange web views. Use keyboard shortcuts to bring them up or hide them.,Monitor how web pages & agents use various resources and the permissions they asked for plus the ones they act on.,
,,Workbench for the web: Bring tools into view when needed (uncluttered work bench). Ability to chain tools (command chaining).,Toggle extensions on a per web page basis.,
,,"Execute commands provided by extensions using a ""command executer"" extension.","Lock everything down by default to make sure every part of the browser, including all extensions, are cryptographically verified and only audited components are used.",
,,,Run docker containers right in the browser to host web applications and then use those apps. Load directly from a Github repo.,
,,,"Explicitely hibernate a web view, or force it to load on start up.",
,,,Use an agent to native through the web.,
,,,,
,,<  Web Browser Overlap,,
,,Ability to extend the web viewer with classic web extensions.,,
,,Inspect the contents of a web page.,,
,,,,
,,Open web pages in various web views/windows.,Open web pages in various tabs or windows.,
,,Though Peek escapes the traditional browser window and provides a more tighter OS-level integration.,"Darc is more similar to the browser in this regard, because it is based on IWAs, a web browser technology.",
,,,,
,,"Search the web without going to the search engine's web page first, keeping the web search tool close.",Manage your opened web pages in spaces (similar to Zen & Arc).,
,,Make groups of web pages. This heavily varies between browsers.,Organise your tabs in a vertical tab side bar + pinning.,
,,,Put web pages in a specific container.,
,,,Choose your search engine.,
,,,Customise the new tab page.,
,,,,
,,,,
,,=€  Command Palette (Launchers) Overlap,,
,,Manipulate data or content in the current context.,,
,,,,
,,Window management.,,
,,Assign keyboard shortcuts to specific commands.,,
,,Open web pages.,,
,,Search the web without going to the search engine's web page first.,,
,,"Execute commands, trigger actions.",,
,,Setup a timer.,,
,,,,
,,,,
,,=×  Code Editors Overlap,,
,,Produce structured data based on main content and then searching through that collection of data.,,
,,,,
,,Peek can edit Markdown too!,,
,,Execute commands via a command palette.,,